TIPO,AGROVOC,EUROVOC,CAB ,GEMET,VCGE,ICANCEGT,Euro_Fashion,PP_Voc,RT Voc,LandVoc
Número de tokens,2109765,2393804,143294,1326800,646,217141,47870,28995,9602,62461
Tamanho do vocabulário,905261,798711,90751,348705,386,19957,14230,10736,4234,20992
Diversidade lexical,0.42,0.33,0.63,0.26,0.59,0.09,0.29,0.37,0.44,0.33
Subjetividade,0.53,0.29,0.23,0.33,0.37,0.36,0.39,0.33,0.39,0.32
Polaridade ,0.15,0.03,0.01,0.01,0.32,0.07,0.01,0.06,0.07,0.03
Grau de entropia,5.12,5.60,4.79,6.18,4.90,4.76,5.26,4.76,5.77,6.11
,,,,,,,,,,
TIPO,AGROVOC,EUROVOC,CAB ,GEMET,VCGE,ICANCEGT,Euro_Fashion,PP_Voc,RT Voc,LandVoc
Número de tokens,2.109.765,2.393.804,143.294,1.326.800,646,217.141,47.870,28.995,9.602,62.461
,,,,,,,,,,
TIPO,AGROVOC,EUROVOC,CAB ,GEMET,VCGE,ICANCEGT,Euro_Fashion,PP_Voc,RT Voc,LandVoc
Tamanho do vocabulário,905.261,798.711,90.751,348.705,386,19.957,14.230,10.736,4.234,20.992
,,,,,,,,,,
TIPO,AGROVOC,EUROVOC,CAB ,GEMET,VCGE,ICANCEGT,Euro_Fashion,PP_Voc,RT Voc,LandVoc
Diversidade lexical,"0,42","0,33","0,63","0,26","0,59","0,09","0,29","0,37","0,44","0,33"
,,,,,,,,,,
TIPO,AGROVOC,EUROVOC,CAB ,GEMET,VCGE,ICANCEGT,Euro_Fashion,PP_Voc,RT Voc,LandVoc
Subjetividade,"0,53","0,29","0,23","0,33","0,37","0,36","0,39","0,33","0,39","0,32"
,,,,,,,,,,
TIPO,AGROVOC,EUROVOC,CAB ,GEMET,VCGE,ICANCEGT,Euro_Fashion,PP_Voc,RT Voc,LandVoc
Polaridade ,"0,15","0,03","0,01","0,01","0,32","0,07","0,01","0,06","0,07","0,03"
,,,,,,,,,,
TIPO,AGROVOC,EUROVOC,CAB ,GEMET,VCGE,ICANCEGT,Euro_Fashion,PP_Voc,RT Voc,LandVoc
Grau de entropia,"5,12","5,60","4,79","6,18","4,90","4,76","5,26","4,76","5,77","6,11"
,,,,,,,,,,
,,,,,,,,,,
,,,,,,,,,,
,,,,,,,,,,
TIPO,Nº de tokens,Tamanho do vocabulário,Diversidade lexical,Subjetividade,Polaridade ,Grau de entropia,,,,
EUROVOC,2.393.804,798.711,"0,33","0,29","0,03","5,60",,,,
AGROVOC,2.109.765,905.261,"0,42","0,53","0,15","5,12",,,,
GEMET,1.326.800,348.705,"0,26","0,33","0,01","6,18",,,,
ICANCEGT,217.141,19.957,"0,09","0,36","0,07","4,76",,,,
CAB ,143.294,90.751,"0,63","0,23","0,01","4,79",,,,
LandVoc,62.461,20.992,"0,33","0,32","0,03","6,11",,,,
Euro_Fashion,47.870,14.230,"0,29","0,39","0,01","5,26",,,,
PP_Voc,28.995,10.736,"0,37","0,33","0,06","4,76",,,,
RT Voc,9.602,4.234,"0,44","0,39","0,07","5,77",,,,
VCGE,646,386,"0,59","0,37","0,32","4,90",,,,
,,,,,,,,,,
TIPO,AGROVOC,EUROVOC,CAB ,GEMET,VCGE,ICANCEGT,Euro_Fashion,PP_Voc,RT Voc,LandVoc
Nº de tokens,2.109.765,2.393.804,143.294,1.326.800,646,217.141,47.870,28.995,9.602,62.461
Tamanho do vocabulário,905.261,798.711,90.751,348.705,386,19.957,14.230,10.736,4.234,20.992
Diversidade lexical,"0,42","0,33","0,63","0,26","0,59","0,09","0,29","0,37","0,44","0,33"
Subjetividade,"0,53","0,29","0,23","0,33","0,37","0,36","0,39","0,33","0,39","0,32"
Polaridade ,"0,15","0,03","0,01","0,01","0,32","0,07","0,01","0,06","0,07","0,03"
Grau de entropia,"5,12","5,60","4,79","6,18","4,90","4,76","5,26","4,76","5,77","6,11"
,,,,,,,,,,
,,,,,,,,,,
TIPO,AGROVOC,EUROVOC,CAB ,GEMET,VCGE,ICANCEGT,Euro_Fashion,PP_Voc,RT Voc,LandVoc
Diversidade lexical,"0,42","0,33","0,63","0,26","0,59","0,09","0,29","0,37","0,44","0,33"
Subjetividade,"0,53","0,29","0,23","0,33","0,37","0,36","0,39","0,33","0,39","0,32"
Polaridade ,"0,15","0,03","0,01","0,01","0,32","0,07","0,01","0,06","0,07","0,03"
Grau de entropia,"5,12","5,60","4,79","6,18","4,90","4,76","5,26","4,76","5,77","6,11"