Tag,Count
literalForm,967121
prefLabel,1605324
notation,967120
inDataset,1007924
http://purl.org/dc/terms/created,1019731
type,1008227
hasTermType,272192
hasSymbol,708
isAcronymOf,121577
http://purl.org/dc/terms/modified,206868
altLabel,328999
hasSynonym,120179
scientificNameOf,17086
broader,41781
isPartOfSubvocabulary,1962
isUsedAs,2649
inScheme,46986
isSymbolFor,708
exactMatch,31508
hasRelatedTerm,47957
editorialNote,10767
hasSource,4746
hasTaxonomicRank,8720
productOf,118
hasScientificName,17086
definition,10693
makeUseOf,1081
narrower,41781
hasPathogen,1386
scopeNote,16407
isAffectedBy,2431
hasAcronym,1625
closeMatch,13873
related,12271
prevents,19
value,10753
isTaxonomicRankOf,8720
usesProcess,490
isUseOf,2649
isUsedIn,1081
isDerivedFrom,221
http://purl.org/dc/terms/source,7383
hasProduct,118
includes,2722
isIncludedIn,2722
affects,2431
produces,633
hasComponent,910
isSourceOf,221
isPathogenOf,1386
hasMember,517
hasObjectOfActivity,489
isOldNameOf,981
comment,551
isSpatiallyIncludedIn,529
isProducedBy,633
surroundedBy,22
study,234
hasOldName,981
hasCodeISO3Country,220
rest,61
isComposedOf,200
isPropertyOf,326
isCausedBy,615
causes,615
label,566
deprecated,518
isComponentOf,910
broadMatch,262
isStudiedBy,234
isProcessFor,490
isMadeFrom,121
inverseOf,146
isMemberOf,517
unionOf,22
spatiallyIncludes,529
isObjectOfActivity,489
isUsedToMake,121
narrowMatch,73
range,29
m49Code,281
compose,200
hasProperty,326
hasGoalOrProcess,148
hasSymptom,16
pestOf,23
historyNote,206
isMeasuredBy,53
hasType,36
isPreventedBy,19
first,61
subPropertyOf,167
domain,36
hasPart,50
note,29
http://xmlns.com/foaf/0.1/depiction,60
measures,53
hasTopConcept,25
isAchievedByMeansOf,148
hasCommonNameConcept,66
surrounds,22
http://aims.fao.org/aos/agrovoc/temporary/updateDate,7
http://purl.org/dc/terms/isReplacedBy,55
typeOf,36
hasTaxonomicConcept,66
isPartOf,50
relatedMatch,9
indicates,16
isDiseaseFor,15
hasPest,23
classNumber,1
isAfflictedBy,8
complementOf,20
topConceptOf,25
afflicts,8
example,3
hasHost,8
isHostFor,8
http://aims.fao.org/aos/agrovoc/temporary/labelToRemoveValue,6
equivalentClass,2
imports,4
hasDisease,15
http://aims.fao.org/aos/agrovoc/temporary/newAltLabelValue,1
dataset,2
oneOf,2
propertyNumber,1
http://aims.fao.org/aos/agrovoc/temporary/oldAltLabelValue,1
