Tag,Count
http://www.w3.org/2004/02/skos/core#altLabel,164499
http://www.w3.org/2008/05/skos-xl#literalForm,967121
http://purl.org/dc/terms/created,1019731
http://www.w3.org/2004/02/skos/core#narrower,41781
http://rdfs.org/ns/void#inDataset,1007924
http://www.w3.org/2004/02/skos/core#prefLabel,802662
http://www.w3.org/2004/02/skos/core#notation,967120
http://www.w3.org/2008/05/skos-xl#prefLabel,802662
http://www.w3.org/1999/02/22-rdf-syntax-ns#type,1008227
http://aims.fao.org/aos/agrontology#hasSynonym,120179
http://aims.fao.org/aos/agrontology#hasTermType,272192
http://aims.fao.org/aos/agrontology#isAcronymOf,121577
http://www.w3.org/2008/05/skos-xl#altLabel,164500
http://purl.org/dc/terms/modified,206868
http://aims.fao.org/aos/agrontology#hasScientificName,17086
http://aims.fao.org/aos/agrontology#hasRelatedTerm,47957
http://www.w3.org/2004/02/skos/core#related,12271
http://aims.fao.org/aos/agrontology#includes,2722
http://www.w3.org/2004/02/skos/core#exactMatch,31508
http://www.w3.org/2004/02/skos/core#editorialNote,10767
http://aims.fao.org/aos/agrontology#isPropertyOf,326
http://art.uniroma2.it/ontologies/vocbench#hasSource,4746
http://www.w3.org/2004/02/skos/core#broader,41781
http://aims.fao.org/aos/agrontology#scientificNameOf,17086
http://aims.fao.org/aos/agrontology#isIncludedIn,2722
http://www.w3.org/2004/02/skos/core#scopeNote,16407
http://www.w3.org/2004/02/skos/core#inScheme,46986
http://aims.fao.org/aos/agrontology#hasTaxonomicRank,8720
http://www.w3.org/2004/02/skos/core#definition,10693
http://www.w3.org/2004/02/skos/core#closeMatch,13873
http://www.w3.org/1999/02/22-rdf-syntax-ns#value,10753
http://aims.fao.org/aos/agrontology#isCausedBy,615
http://aims.fao.org/aos/agrontology#isTaxonomicRankOf,8720
http://aims.fao.org/aos/agrontology#isUseOf,2649
http://www.w3.org/2002/07/owl#inverseOf,146
http://purl.org/dc/terms/source,7383
http://aims.fao.org/aos/agrontology#isAffectedBy,2431
http://www.w3.org/2004/02/skos/core#historyNote,206
http://aims.fao.org/aos/agrontology#isProducedBy,633
http://aims.fao.org/aos/agrontology#isOldNameOf,981
http://aims.fao.org/aos/agrontology#isUsedAs,2649
http://aims.fao.org/aos/agrontology#produces,633
http://aims.fao.org/aos/agrontology#hasGoalOrProcess,148
http://aims.fao.org/aos/agrontology#hasCodeISO3Country,220
http://aims.fao.org/aos/agrontology#hasPathogen,1386
http://www.w3.org/2000/01/rdf-schema#comment,551
http://aims.fao.org/aos/agrontology#usesProcess,490
http://aims.fao.org/aos/agrontology#isObjectOfActivity,489
http://aims.fao.org/aos/agrontology#isUsedIn,1081
http://aims.fao.org/aos/agrontology#causes,615
http://aims.fao.org/aos/agrontology#compose,200
http://aims.fao.org/aos/agrontology#hasPart,50
http://aims.fao.org/aos/agrontology#isAchievedByMeansOf,148
http://aims.fao.org/aos/agrontology#makeUseOf,1081
http://aims.fao.org/aos/agrontology#hasAcronym,1625
http://aims.fao.org/aos/agrontology#isPartOfSubvocabulary,1962
http://aims.fao.org/aos/agrontology#spatiallyIncludes,529
http://aims.fao.org/aos/agrontology#isComposedOf,200
http://www.w3.org/2002/07/owl#deprecated,518
http://aims.fao.org/aos/agrontology#hasComponent,910
http://aims.fao.org/aos/agrontology#hasSymbol,708
http://aims.fao.org/aos/agrontology#affects,2431
http://aims.fao.org/aos/agrontology#isProcessFor,490
http://aims.fao.org/aos/agrontology#isMemberOf,517
http://xmlns.com/foaf/0.1/depiction,60
http://aims.fao.org/aos/agrontology#prevents,19
http://aims.fao.org/aos/agrontology#m49Code,281
http://www.w3.org/2004/02/skos/core#broadMatch,262
http://aims.fao.org/aos/agrontology#hasMember,517
http://aims.fao.org/aos/agrontology#isComponentOf,910
http://aims.fao.org/aos/agrontology#isSpatiallyIncludedIn,529
http://aims.fao.org/aos/agrontology#isDerivedFrom,221
http://aims.fao.org/aos/agrontology#isPathogenOf,1386
http://www.w3.org/2000/01/rdf-schema#label,566
http://aims.fao.org/aos/agrontology#isUsedToMake,121
http://aims.fao.org/aos/agrontology#isStudiedBy,234
http://aims.fao.org/aos/agrontology#hasOldName,981
http://aims.fao.org/aos/agrontology#isSymbolFor,708
http://aims.fao.org/aos/agrontology#hasObjectOfActivity,489
http://www.w3.org/2004/02/skos/core#note,29
http://aims.fao.org/aos/agrontology#isSourceOf,221
http://www.w3.org/2000/01/rdf-schema#subPropertyOf,167
http://www.w3.org/1999/02/22-rdf-syntax-ns#first,61
http://aims.fao.org/aos/agrontology#study,234
http://aims.fao.org/aos/agrontology#productOf,118
http://www.w3.org/2002/07/owl#complementOf,20
http://www.w3.org/2000/01/rdf-schema#range,29
http://aims.fao.org/aos/agrontology#hasTaxonomicConcept,66
http://www.w3.org/2000/01/rdf-schema#domain,36
http://www.w3.org/2004/02/skos/core#narrowMatch,73
http://aims.fao.org/aos/agrontology#hasProperty,326
http://www.w3.org/1999/02/22-rdf-syntax-ns#rest,61
http://aims.fao.org/aos/agrontology#isHostFor,8
http://www.w3.org/2002/07/owl#unionOf,22
http://aims.fao.org/aos/agrontology#hasProduct,118
http://aims.fao.org/aos/agrontology#measures,53
http://aims.fao.org/aos/agrontology#surroundedBy,22
http://www.w3.org/2004/02/skos/core#topConceptOf,25
http://aims.fao.org/aos/agrontology#hasSymptom,16
http://aims.fao.org/aos/agrontology#isMadeFrom,121
http://purl.org/dc/terms/isReplacedBy,55
http://aims.fao.org/aos/agrontology#hasDisease,15
http://aims.fao.org/aos/agrontology#isPartOf,50
http://aims.fao.org/aos/agrontology#hasHost,8
http://aims.fao.org/aos/agrontology#hasCommonNameConcept,66
http://aims.fao.org/aos/agrontology#isMeasuredBy,53
http://aims.fao.org/aos/agrontology#surrounds,22
http://aims.fao.org/aos/agrontology#isDiseaseFor,15
http://aims.fao.org/aos/agrontology#hasPest,23
http://aims.fao.org/aos/agrontology#pestOf,23
http://aims.fao.org/aos/agrontology#afflicts,8
http://aims.fao.org/aos/agrontology#isPreventedBy,19
http://www.w3.org/2004/02/skos/core#hasTopConcept,25
http://aims.fao.org/aos/agrontology#hasType,36
http://aims.fao.org/aos/agrontology#typeOf,36
http://aims.fao.org/aos/agrovoc/temporary/oldAltLabelValue,1
http://aims.fao.org/aos/agrontology#isAfflictedBy,8
http://aims.fao.org/aos/agrontology#indicates,16
http://www.w3.org/2004/02/skos/core#relatedMatch,9
http://www.w3.org/2002/07/owl#imports,4
http://aims.fao.org/aos/agrovoc/temporary/labelToRemoveValue,6
http://purl.org/vocommons/voaf#classNumber,1
http://aims.fao.org/aos/agrovoc/temporary/updateDate,7
http://purl.org/vocommons/voaf#dataset,2
http://www.w3.org/2004/02/skos/core#example,3
http://aims.fao.org/aos/agrovoc/temporary/newAltLabelValue,1
http://www.w3.org/2002/07/owl#oneOf,2
http://www.w3.org/2002/07/owl#equivalentClass,2
http://purl.org/vocommons/voaf#propertyNumber,1
