Tag,Count
http://purl.org/dc/terms/created,1018163
literalForm,965701
altLabel,328744
prefLabel,1602742
inDataset,1006441
type,1006744
hasTermType,272207
notation,965700
hasSynonym,120181
isAcronymOf,121579
http://purl.org/dc/terms/modified,206604
hasTaxonomicRank,8687
definition,10608
scientificNameOf,17099
hasRelatedTerm,47969
broader,41724
exactMatch,31472
inScheme,46886
causes,613
closeMatch,13867
hasAcronym,1625
value,10668
hasScientificName,17099
unionOf,22
http://purl.org/dc/terms/source,7485
isUsedIn,1081
scopeNote,16406
includes,2699
narrower,41724
hasMember,509
related,12217
isPartOfSubvocabulary,1962
comment,551
hasSource,4595
isDerivedFrom,221
m49Code,281
editorialNote,10745
isTaxonomicRankOf,8687
isProcessFor,490
isMemberOf,509
isUsedAs,2645
affects,2427
hasOldName,981
study,234
hasPathogen,1384
isIncludedIn,2699
isMadeFrom,121
isCausedBy,613
historyNote,205
isPathogenOf,1384
hasSymbol,708
isComponentOf,910
isOldNameOf,981
isAffectedBy,2427
deprecated,519
hasObjectOfActivity,488
isObjectOfActivity,488
isSourceOf,221
isStudiedBy,234
makeUseOf,1081
isUseOf,2645
typeOf,36
spatiallyIncludes,534
isAchievedByMeansOf,148
hasGoalOrProcess,148
usesProcess,490
isSymbolFor,708
isSpatiallyIncludedIn,534
hasProperty,326
produces,616
domain,36
isProducedBy,616
narrowMatch,73
hasComponent,910
label,566
isPropertyOf,326
hasCodeISO3Country,220
isComposedOf,200
hasDisease,13
measures,52
http://xmlns.com/foaf/0.1/depiction,60
first,61
hasPart,50
productOf,118
rest,61
http://purl.org/dc/terms/isReplacedBy,55
note,29
inverseOf,146
broadMatch,262
complementOf,20
hasPest,22
hasProduct,118
indicates,16
hasType,36
compose,200
hasCommonNameConcept,61
isAfflictedBy,9
isUsedToMake,121
hasSymptom,16
isMeasuredBy,52
hasTopConcept,25
pestOf,22
propertyNumber,1
isPartOf,50
isDiseaseFor,13
surrounds,22
dataset,2
http://aims.fao.org/aos/agrovoc/temporary/labelToRemoveValue,6
oneOf,2
isPreventedBy,18
subPropertyOf,167
topConceptOf,25
hasTaxonomicConcept,61
prevents,18
relatedMatch,9
range,29
http://aims.fao.org/aos/agrovoc/temporary/updateDate,7
equivalentClass,2
hasHost,7
afflicts,9
surroundedBy,22
example,3
isHostFor,7
imports,4
http://aims.fao.org/aos/agrovoc/temporary/oldAltLabelValue,1
http://aims.fao.org/aos/agrovoc/temporary/newAltLabelValue,1
classNumber,1
