Tag,Count
http://purl.org/dc/terms/dateAccepted,8725
http://purl.org/dc/terms/modified,8709
prefLabel,88912
authority,2565
historyNote,7164
narrower,8534
type,8725
altLabel,6708
http://id.cabi.org/cabrelations/technicalCategory,7980
http://purl.org/dc/terms/source,758
taxonRank,7744
broader,9430
http://purl.org/dc/terms/created,8688
http://purl.org/dc/terms/subject,8769
related,1861
http://id.cabi.org/cabrelations/diseaseName,148
editorialNote,696
UFO,166
http://id.cabi.org/cabrelations/diseaseAgent,81
scopeNote,23
http://id.cabi.org/cabrelations/harvestProduct,13
definition,17
http://id.cabi.org/cabrelations/cropPlant,1
