Tag,Count
type,5445
adms-status,1089
http://purl.org/dc/terms/title,8117
http://purl.org/dc/terms/identifier,1089
http://schema.org/alternateName,1136
prefLabel,8117
broader,1085
inScheme,1089
http://purl.org/dc/terms/alternative,1136
http://www.w3.org/TR/void/inDataset,1089
http://schema.org/name,8117
altLabel,1136
http://purl.org/dc/terms/created,1089
scopeNote,730
http://purl.org/dc/terms/modified,1089
http://purl.org/dc/terms/creator,1089
hasExactExternalAuthority,453
http://kulturnav.org/schema/property/entity.shortId,499
describedby,1089
hasBroaderAuthority,1085
hasNarrowerAuthority,493
narrower,493
http://xmlns.com/foaf/0.1/primaryTopic,1089
http://kulturnav.org/schema/property/superconcept.sourceUri,1089
exactMatch,453
http://kulturnav.org/schema/property/entity.list,38
topConceptOf,4
