Tag,Count
altLabel,418468
xlDefinition,23308
type,461726
versionInfo,461598
http://purl.org/dc/terms/created,420227
value,42952
prefLabel,404016
literalForm,411242
status,461597
http://purl.org/dc/terms/type,411242
http://purl.org/dc/terms/title,3457
http://purl.org/dc/terms/source,4403
notation,7530
inScheme,15130
http://purl.org/dc/terms/modified,28848
xlScopeNote,7353
definition,23308
topConceptOf,1115
related,11012
startDate,1911
scopeNote,7353
narrower,7510
xlNotation,7530
broader,7510
historyNote,4759
xlHistoryNote,4759
http://purl.org/dc/terms/hasPart,127
http://purl.org/dc/terms/isReplacedBy,100
hasTopConcept,1115
http://purl.org/dc/terms/isPartOf,127
endDate,230
http://purl.org/dc/terms/replaces,100
deprecated,230
domain,127
http://purl.org/dc/terms/creator,3
