Tag,Count
prefLabel,196661
definition,46361
member,16178
type,5815
narrower,5689
broader,5685
inScheme,5651
http://purl.org/dc/terms/modified,5649
http://purl.org/dc/terms/created,5649
altLabel,5598
closeMatch,5522
source,4547
related,3390
hasWikipediaArticle,3006
exactMatch,2903
label,1515
relatedMatch,972
acronymLabel,840
editorialNote,774
scopeNote,362
broadMatch,221
hasTopConcept,112
notation,107
http://purl.org/dc/terms/title,87
http://purl.org/dc/terms/issued,87
http://purl.org/dc/terms/publisher,85
http://purl.org/dc/terms/creator,72
narrowMatch,40
subGroupOf,32
hiddenLabel,17
seeAlso,5
http://purl.org/dc/terms/licence,1
http://xmlns.com/foaf/0.1/page,1
sameEEAGlossary,1
