Tag,Count
prefLabel,11780
literalForm,7597
http://purl.org/dc/terms/created,9603
exactMatch,625
http://purl.org/dc/terms/modified,2889
hasRelatedTerm,279
type,8143
notation,3986
subPropertyOf,167
hasSynonym,1129
inScheme,310
altLabel,3400
label,566
value,645
definition,624
scopeNote,282
comment,491
affects,24
domain,36
narrower,303
rest,61
http://purl.org/dc/terms/source,674
hasSource,303
broadMatch,81
inverseOf,146
broader,303
related,52
complementOf,20
unionOf,22
range,29
changeNote,3
closeMatch,102
hasAcronym,15
hasTermType,12
hasTopConcept,7
first,61
narrowMatch,6
oneOf,2
deprecated,11
hasObjectOfActivity,8
topConceptOf,7
historyNote,3
example,3
usesProcess,2
hasProperty,2
includes,9
study,4
makeUseOf,1
imports,4
dataset,2
m49Code,1
propertyNumber,1
isIncludedIn,1
relatedMatch,3
equivalentClass,2
hasComponent,1
isCausedBy,1
classNumber,1
isPartOfSubvocabulary,1
